{
    "overall_bias_by_model": {
        "gpt2": {
            "mean": 0.04861111111111111,
            "median": 0.0,
            "max": 1.0,
            "min": 0.0
        },
        "gpt-3": {
            "mean": 0.04861111111111111,
            "median": 0.0,
            "max": 1.0,
            "min": 0.0
        },
        "llama2-7b": {
            "mean": 0.04861111111111111,
            "median": 0.0,
            "max": 1.0,
            "min": 0.0
        }
    },
    "timestamp": "20250414_141317"
}